-- =========================
-- INSERT SAMPLE DATA
-- =========================

INSERT INTO driver (
    license_number,
    full_name,
    sex,
    date_of_birth,
    barangay,
    city,
    province,
    region,
    license_type,
    license_status,
    license_issuance_date,
    license_expiration_date
) VALUES
('A01-23-456789', 'Juan Dela Cruz', 'M', '2002-02-02', 'Batong Malake', 'Los Baños', 'Laguna', 'CALABARZON', 'non-professional', 'valid', '2025-12-15', '2030-12-15'),
('B12-19-001375', 'May Beline', 'F', '1978-09-15', 'Baesa', 'Quezon City', NULL, 'NCR', 'student permit', 'expired', '2020-06-07', '2025-06-07'),
('D03-22-501522', 'Pining Garcia', 'F', '2000-05-12', 'Naguey', 'Atok', 'Benguet', 'CAR', 'professional', 'valid', CURDATE(), ADDDATE(CURDATE(), INTERVAL 10 YEAR)),
('T34-54-934163', 'Nepo Tism', 'M', '1999-03-20', 'Greenhills', 'San Juan', NULL, 'NCR', 'non-professional', 'revoked', '2016-06-18', '2026-06-18'),
('C11-21-123456', 'Maria Santos', 'F', '1995-04-10', 'Poblacion', 'Makati', NULL, 'NCR', 'professional', 'valid', '2022-08-01', '2032-08-01'),
('E44-18-654321', 'Rogelio Ramos', 'M', '1988-07-23', 'Buhangin', 'Davao City', 'Davao del Sur', 'Davao Region', 'non-professional', 'valid', '2021-03-11', '2031-03-11'),
('F22-20-111222', 'Ana Lopez', 'F', '2001-12-30', 'Labangon', 'Cebu City', 'Cebu', 'Central Visayas', 'student permit', 'valid', '2025-01-15', '2026-01-15'),
('G56-17-333444', 'Victor Perez', 'M', '1975-01-17', 'Balibago', 'Angeles', 'Pampanga', 'Central Luzon', 'professional', 'suspended', '2018-09-09', '2028-09-09'),
('H78-15-555666', 'Liza Mendoza', 'F', '1982-06-11', 'Concepcion', 'Tarlac City', 'Tarlac', 'Central Luzon', 'non-professional', 'valid', '2019-02-14', '2029-02-14'),
('J09-24-777888', 'Carlo Aquino', 'M', '2003-11-05', 'Talon Uno', 'Las Piñas', NULL, 'NCR', 'student permit', 'valid', '2024-12-20', '2025-12-20'),

('K10-13-888999', 'Grace Villanueva', 'F', '1990-08-25', 'Batingan', 'Binangonan', 'Rizal', 'CALABARZON', 'professional', 'expired', '2013-05-18', '2023-05-18'),
('L99-22-000111', 'Noel Bautista', 'M', '1998-10-10', 'San Isidro', 'Antipolo', 'Rizal', 'CALABARZON', 'non-professional', 'valid', '2022-10-01', '2032-10-01'),
('M88-16-222333', 'Catherine Uy', 'F', '1985-09-09', 'Banilad', 'Mandaue', 'Cebu', 'Central Visayas', 'professional', 'valid', '2017-07-07', '2027-07-07'),
('N77-11-444555', 'Edgar Lim', 'M', '1970-03-01', 'Tisa', 'Cebu City', 'Cebu', 'Central Visayas', 'professional', 'revoked', '2011-01-12', '2021-01-12'),
('P66-19-666777', 'Joan Flores', 'F', '1993-02-14', 'San Roque', 'Iloilo City', 'Iloilo', 'Western Visayas', 'non-professional', 'valid', '2020-04-04', '2030-04-04'),
('Q55-23-888111', 'Michael Tan', 'M', '2001-01-08', 'Malinta', 'Valenzuela', NULL, 'NCR', 'student permit', 'valid', '2024-06-01', '2025-06-01'),
('R44-14-121212', 'Sophia Reyes', 'F', '1987-12-19', 'Sampaloc', 'Manila', NULL, 'NCR', 'professional', 'expired', '2014-11-11', '2024-11-11'),
('S33-20-343434', 'Henry Cruz', 'M', '1996-05-25', 'Buhisan', 'Cebu City', 'Cebu', 'Central Visayas', 'non-professional', 'valid', '2021-05-05', '2031-05-05'),
('U22-18-565656', 'Patricia Ong', 'F', '1994-04-04', 'Alangilan', 'Batangas City', 'Batangas', 'CALABARZON', 'professional', 'valid', '2019-06-15', '2029-06-15'),
('V11-12-787878', 'Jerome Co', 'M', '1980-09-30', 'Mabolo', 'Cebu City', 'Cebu', 'Central Visayas', 'professional', 'suspended', '2012-08-08', '2022-08-08'),

('W00-24-909090', 'Aira Salazar', 'F', '2004-07-07', 'Commonwealth', 'Quezon City', NULL, 'NCR', 'student permit', 'valid', '2025-02-02', '2026-02-02'),
('X12-17-135791', 'Dennis Navarro', 'M', '1989-11-11', 'Bagbag', 'Novaliches', NULL, 'NCR', 'non-professional', 'valid', '2018-03-03', '2028-03-03'),
('Y23-15-246802', 'Kimberly Castro', 'F', '1991-01-20', 'Tinago', 'Naga', 'Camarines Sur', 'Bicol Region', 'professional', 'valid', '2016-09-09', '2026-09-09'),
('Z34-22-975310', 'Patrick Lee', 'M', '1999-06-16', 'Lagao', 'General Santos', 'South Cotabato', 'SOCCSKSARGEN', 'non-professional', 'valid', '2023-01-01', '2033-01-01'),
('A45-19-864209', 'Erica Gomez', 'F', '1997-03-13', 'Palanan', 'Makati', NULL, 'NCR', 'professional', 'valid', '2020-10-10', '2030-10-10'),
('B56-18-753198', 'Albert Sy', 'M', '1986-08-08', 'Sucat', 'Parañaque', NULL, 'NCR', 'non-professional', 'expired', '2019-01-15', '2024-01-15'),
('C67-13-159357', 'Jenny Velasco', 'F', '1983-02-02', 'Burgos', 'Dagupan', 'Pangasinan', 'Ilocos Region', 'professional', 'valid', '2014-12-12', '2024-12-12'),
('D78-21-258456', 'Mark Evangelista', 'M', '2000-10-10', 'Paco', 'Manila', NULL, 'NCR', 'student permit', 'valid', '2024-04-14', '2025-04-14'),
('E89-16-456123', 'Elaine Torres', 'F', '1992-07-17', 'Sta. Lucia', 'Pasig', NULL, 'NCR', 'professional', 'valid', '2017-11-11', '2027-11-11'),
('F90-14-321654', 'Joshua David', 'M', '1984-12-12', 'Muzon', 'San Jose del Monte', 'Bulacan', 'Central Luzon', 'professional', 'revoked', '2015-05-05', '2025-05-05'),

('G21-20-654987', 'Nina Hernandez', 'F', '1998-09-29', 'Poblacion', 'Bacolod', 'Negros Occidental', 'Western Visayas', 'non-professional', 'valid', '2021-08-18', '2031-08-18'),
('H32-18-741852', 'Leo Martinez', 'M', '1990-06-06', 'Magsaysay', 'Cagayan de Oro', 'Misamis Oriental', 'Northern Mindanao', 'professional', 'valid', '2019-02-02', '2029-02-02'),
('J43-17-852963', 'Kristine Yap', 'F', '1995-01-15', 'Camaman-an', 'Cagayan de Oro', 'Misamis Oriental', 'Northern Mindanao', 'non-professional', 'suspended', '2018-06-06', '2028-06-06'),
('K54-12-963741', 'Brian Chua', 'M', '1979-05-22', 'Calumpang', 'Marikina', NULL, 'NCR', 'professional', 'expired', '2013-03-03', '2023-03-03'),
('L65-23-111999', 'Sheena Lim', 'F', '2002-08-18', 'San Miguel', 'Iloilo City', 'Iloilo', 'Western Visayas', 'student permit', 'valid', '2025-03-03', '2026-03-03'),
('M76-19-222888', 'Kevin Dizon', 'M', '1994-04-28', 'Dolores', 'San Fernando', 'Pampanga', 'Central Luzon', 'non-professional', 'valid', '2020-12-12', '2030-12-12'),
('N87-15-333777', 'April Gutierrez', 'F', '1988-11-03', 'Pandan', 'Angeles', 'Pampanga', 'Central Luzon', 'professional', 'valid', '2016-07-07', '2026-07-07'),
('P98-13-444666', 'Ramon Bautista', 'M', '1976-01-01', 'Dao', 'Tagbilaran', 'Bohol', 'Central Visayas', 'professional', 'revoked', '2014-01-01', '2024-01-01'),
('Q09-22-555444', 'Bea Soriano', 'F', '2001-02-14', 'Mambaling', 'Cebu City', 'Cebu', 'Central Visayas', 'student permit', 'valid', '2024-09-09', '2025-09-09'),
('E53-20-818181', 'Faith Navarro', 'F', '1995-12-12', 'Tugbok', 'Davao City', 'Davao del Sur', 'Davao Region', 'non-professional', 'valid', '2021-06-06', '2031-06-06'),

('R10-18-666333', 'John Fernandez', 'M', '1993-09-09', 'Libertad', 'Butuan', 'Agusan del Norte', 'Caraga', 'non-professional', 'valid', '2019-04-04', '2029-04-04'),
('S21-11-777222', 'Diane Villarta', 'F', '1981-03-27', 'Dadiangas', 'General Santos', 'South Cotabato', 'SOCCSKSARGEN', 'professional', 'expired', '2012-02-02', '2022-02-02'),
('T32-20-888111', 'Allan Mercado', 'M', '1997-07-07', 'Mataas na Lupa', 'Lipa', 'Batangas', 'CALABARZON', 'non-professional', 'valid', '2021-10-10', '2031-10-10'),
('U43-16-999000', 'Paula Reyes', 'F', '1989-12-25', 'San Antonio', 'Biñan', 'Laguna', 'CALABARZON', 'professional', 'valid', '2017-01-01', '2027-01-01'),
('V54-14-101010', 'Ronald Go', 'M', '1982-05-05', 'Maypajo', 'Caloocan', NULL, 'NCR', 'professional', 'suspended', '2015-08-08', '2025-08-08'),
('W65-23-202020', 'Angela Yu', 'F', '2003-03-03', 'Talon Dos', 'Las Piñas', NULL, 'NCR', 'student permit', 'valid', '2025-04-04', '2026-04-04'),
('X76-19-303030', 'Jason Chan', 'M', '1996-06-06', 'Punta Princesa', 'Cebu City', 'Cebu', 'Central Visayas', 'non-professional', 'valid', '2020-05-05', '2030-05-05'),
('Y87-17-404040', 'Mica dela Pena', 'F', '1991-08-12', 'Banawa', 'Cebu City', 'Cebu', 'Central Visayas', 'professional', 'valid', '2018-11-11', '2028-11-11'),
('Z98-12-505050', 'Arvin Molina', 'M', '1978-02-18', 'Singcang', 'Bacolod', 'Negros Occidental', 'Western Visayas', 'professional', 'revoked', '2013-09-09', '2023-09-09'),
('A19-21-606060', 'Claire Santos', 'F', '1999-10-10', 'Pio del Pilar', 'Makati', NULL, 'NCR', 'non-professional', 'valid', '2022-02-02', '2032-02-02');

-- VEHICLE
INSERT INTO vehicle (
    MV_number,
    plate_number,
    vehicle_type,
    engine_number,
    chassis_number,
    year,
    make,
    model,
    color,
    license_number
)
VALUES
('1328-000000540321', 'ABC1234', 'private car', 'MTR00112233445566', '1HGCM82633A123456', 2016, 'Toyota', 'Corolla', 'White', 'A01-23-456789'),
('1380-000000540322', 'NGH030', 'motorcycle', 'VX998877665544332', '2T1BURHE5GC123789', 2019, 'Yamaha', 'Mio', 'Black', 'D03-22-501522'),
('1396-000000540323', 'GHI9012', 'public utility vehicle', 'EJH4567890123QWER', 'KMHTC6AD8EU123456', 2017, 'Mitsubishi', 'Strada', 'Blue', 'C11-21-123456'),
('1372-000000540324', 'XYZ7788', 'private car', 'EN123456780ABCDE1', 'JHMCM5657C4043210', 2017, 'Honda', 'CR-V', 'Gray', 'T34-54-934163'),
('1388-000000540325', 'LUV143', 'public utility vehicle', 'ENG00000000000001', 'CHS00000000000001', 2020, 'Isuzu', 'Jeepney', 'Yellow', 'T34-54-934163'),
('1328-000000540326', 'JKL5678', 'private car', 'ENG00000000000002', 'CHS00000000000002', 2018, 'Toyota', 'Vios', 'Silver', 'C11-21-123456'),
('1380-000000540327', 'MTR102', 'motorcycle', 'ENG00000000000003', 'CHS00000000000003', 2021, 'Honda', 'Click 125i', 'Red', 'L99-22-000111'),
('1396-000000540328', 'QWE4455', 'private car', 'ENG00000000000004', 'CHS00000000000004', 2015, 'Ford', 'Everest', 'Black', 'F22-20-111222'),
('1372-000000540329', 'RTY6677', 'truck', 'ENG00000000000005', 'CHS00000000000005', 2014, 'Isuzu', 'N-Series', 'White', 'G56-17-333444'),
('1388-000000540330', 'UIO8899', 'motorcycle', 'ENG00000000000006', 'CHS00000000000006', 2022, 'Suzuki', 'Raider 150', 'Blue', 'H78-15-555666'),

('1328-000000540331', 'PAS1122', 'private car', 'ENG00000000000007', 'CHS00000000000007', 2019, 'Hyundai', 'Accent', 'Gray', 'J09-24-777888'),
('1380-000000540332', 'DFG3344', 'SUV', 'ENG00000000000008', 'CHS00000000000008', 2023, 'Toyota', 'Fortuner', 'White', 'K10-13-888999'),
('1396-000000540333', 'HJK5566', 'private car', 'ENG00000000000009', 'CHS00000000000009', 2016, 'Honda', 'Civic', 'Black', 'L99-22-000111'),
('1372-000000540334', 'LZX7788', 'motorcycle', 'ENG00000000000010', 'CHS00000000000010', 2018, 'Kawasaki', 'Barako', 'Green', 'M88-16-222333'),
('1388-000000540335', 'BNM9900', 'truck', 'ENG00000000000011', 'CHS00000000000011', 2012, 'Mitsubishi', 'Canter', 'Blue', 'N77-11-444555'),
('1328-000000540336', 'TRE1235', 'private car', 'ENG00000000000012', 'CHS00000000000012', 2020, 'Nissan', 'Almera', 'Silver', 'P66-19-666777'),
('1380-000000540337', 'YHN5432', 'SUV', 'ENG00000000000013', 'CHS00000000000013', 2021, 'Ford', 'Territory', 'Red', 'Q55-23-888111'),
('1396-000000540338', 'IKM6543', 'motorcycle', 'ENG00000000000014', 'CHS00000000000014', 2017, 'Honda', 'Wave', 'Black', 'R44-14-121212'),
('1372-000000540339', 'OLP7654', 'private car', 'ENG00000000000015', 'CHS00000000000015', 2015, 'Mazda', '3', 'Blue', 'S33-20-343434'),
('1388-000000540340', 'WER8765', 'SUV', 'ENG00000000000016', 'CHS00000000000016', 2022, 'Toyota', 'Rush', 'White', 'U22-18-565656'),

('1328-000000540341', 'ASD9876', 'truck', 'ENG00000000000017', 'CHS00000000000017', 2013, 'Hino', '300', 'Orange', 'V11-12-787878'),
('1380-000000540342', 'FGH1111', 'private car', 'ENG00000000000018', 'CHS00000000000018', 2024, 'Tesla', 'Model 3', 'White', 'W00-24-909090'),
('1396-000000540343', 'JKL2222', 'motorcycle', 'ENG00000000000019', 'CHS00000000000019', 2019, 'Yamaha', 'NMAX', 'Gray', 'X12-17-135791'),
('1372-000000540344', 'ZXC3333', 'SUV', 'ENG00000000000020', 'CHS00000000000020', 2018, 'Chevrolet', 'Trailblazer', 'Black', 'X76-19-303030'),
('1388-000000540345', 'VBN4444', 'private car', 'ENG00000000000021', 'CHS00000000000021', 2017, 'Kia', 'Soluto', 'Red', 'Z34-22-975310'),
('1328-000000540346', 'QAZ5555', 'motorcycle', 'ENG00000000000022', 'CHS00000000000022', 2021, 'Suzuki', 'Skydrive', 'Blue', 'A45-19-864209'),
('1380-000000540347', 'WSX6666', 'private car', 'ENG00000000000023', 'CHS00000000000023', 2016, 'Toyota', 'Camry', 'Black', 'B56-18-753198'),
('1396-000000540348', 'EDC7777', 'SUV', 'ENG00000000000024', 'CHS00000000000024', 2020, 'Honda', 'BR-V', 'Silver', 'C67-13-159357'),
('1372-000000540349', 'RFV8888', 'truck', 'ENG00000000000025', 'CHS00000000000025', 2011, 'Isuzu', 'Elf', 'White', 'D78-21-258456'),
('1388-000000540350', 'TGB9999', 'motorcycle', 'ENG00000000000026', 'CHS00000000000026', 2023, 'Honda', 'PCX', 'Black', 'M88-16-222333'),

('1328-000000540351', 'YHN1010', 'private car', 'ENG00000000000027', 'CHS00000000000027', 2019, 'Subaru', 'XV', 'Orange', 'F90-14-321654'),
('1380-000000540352', 'UJM2020', 'SUV', 'ENG00000000000028', 'CHS00000000000028', 2018, 'Toyota', 'Innova', 'Gray', 'G21-20-654987'),
('1396-000000540353', 'IKO3030', 'private car', 'ENG00000000000029', 'CHS00000000000029', 2017, 'Mitsubishi', 'Mirage', 'White', 'X76-19-303030'),
('1372-000000540354', 'PLM4040', 'motorcycle', 'ENG00000000000030', 'CHS00000000000030', 2022, 'Yamaha', 'Aerox', 'Blue', 'J43-17-852963'),
('1388-000000540355', 'NHY5050', 'truck', 'ENG00000000000031', 'CHS00000000000031', 2010, 'Fuso', 'Fighter', 'Yellow', 'K54-12-963741'),
('1328-000000540356', 'BGT6060', 'SUV', 'ENG00000000000032', 'CHS00000000000032', 2021, 'Nissan', 'Terra', 'Black', 'L65-23-111999'),
('1380-000000540357', 'VFR7070', 'private car', 'ENG00000000000033', 'CHS00000000000033', 2015, 'Suzuki', 'Dzire', 'Red', 'M76-19-222888'),
('1396-000000540358', 'CDE8080', 'motorcycle', 'ENG00000000000034', 'CHS00000000000034', 2020, 'Honda', 'Beat', 'White', 'M88-16-222333'),
('1372-000000540359', 'FGT9090', 'SUV', 'ENG00000000000035', 'CHS00000000000035', 2019, 'Hyundai', 'Tucson', 'Gray', 'P98-13-444666'),
('1388-000000540360', 'HJK1212', 'private car', 'ENG00000000000036', 'CHS00000000000036', 2024, 'BYD', 'Seal', 'Blue', 'A01-23-456789'),

('1328-000000540361', 'KLM2323', 'motorcycle', 'ENG00000000000037', 'CHS00000000000037', 2018, 'Suzuki', 'Burgman', 'Black', 'R10-18-666333'),
('1380-000000540362', 'NOP3434', 'truck', 'ENG00000000000038', 'CHS00000000000038', 2016, 'Isuzu', 'Forward', 'White', 'S21-11-777222'),
('1396-000000540363', 'QRS4545', 'SUV', 'ENG00000000000039', 'CHS00000000000039', 2020, 'Ford', 'Ranger', 'Silver', 'T32-20-888111'),
('1372-000000540364', 'TUV5656', 'private car', 'ENG00000000000040', 'CHS00000000000040', 2017, 'Honda', 'City', 'Red', 'U43-16-999000'),
('1388-000000540365', 'WXY6767', 'motorcycle', 'ENG00000000000041', 'CHS00000000000041', 2021, 'KTM', 'Duke 200', 'Orange', 'V54-14-101010'),
('1328-000000540366', 'ZAB7878', 'SUV', 'ENG00000000000042', 'CHS00000000000042', 2023, 'Geely', 'Coolray', 'White', 'W65-23-202020'),
('1380-000000540367', 'BCD8989', 'private car', 'ENG00000000000043', 'CHS00000000000043', 2018, 'Toyota', 'Altis', 'Gray', 'X76-19-303030'),
('1396-000000540368', 'EFG9091', 'truck', 'ENG00000000000044', 'CHS00000000000044', 2014, 'Mitsubishi', 'L300', 'Blue', 'Y87-17-404040'),
('1372-000000540369', 'HIJ0101', 'motorcycle', 'ENG00000000000045', 'CHS00000000000045', 2022, 'Yamaha', 'Sniper 155', 'Black', 'Z98-12-505050'),
('1388-000000540370', 'KLO1213', 'SUV', 'ENG00000000000046', 'CHS00000000000046', 2021, 'Honda', 'HR-V', 'Silver', 'A19-21-606060');


-- VEHICLE REGISTRATION
INSERT INTO vehicleRegistration (
    registration_number,
    registration_status,
    registration_date,
    expiration_date,
    MV_number
)
VALUES
('000000001', 'active', '2024-01-10', '2034-01-10', '1328-000000540321'),
('000000002', 'expired', '2010-02-14', '2020-02-14', '1396-000000540323'),
('000000003', 'active', '2023-05-23', '2033-05-23', '1388-000000540325'),
('000000004', 'suspended', '2021-07-27', '2031-07-27', '1372-000000540324'),
('000000005', 'active', '2022-01-15', '2032-01-15', '1380-000000540322'),

('000000006', 'active', '2021-03-10', '2031-03-10', '1328-000000540326'),
('000000007', 'expired', '2010-05-22', '2020-05-22', '1380-000000540327'),
('000000008', 'active', '2024-06-01', '2034-06-01', '1396-000000540328'),
('000000009', 'revoked', '2015-09-18', '2025-09-18', '1372-000000540329'),
('000000010', 'active', '2023-11-11', '2033-11-11', '1388-000000540330'),
('000000011', 'active', '2022-04-05', '2032-04-05', '1328-000000540331'),
('000000012', 'active', '2024-08-19', '2034-08-19', '1380-000000540332'),
('000000013', 'expired', '2009-03-12', '2019-03-12', '1396-000000540333'),
('000000014', 'active', '2021-10-30', '2031-10-30', '1372-000000540334'),
('000000015', 'revoked', '2012-06-17', '2022-06-17', '1388-000000540335'),

('000000016', 'active', '2020-09-09', '2030-09-09', '1328-000000540336'),
('000000017', 'active', '2023-02-20', '2033-02-20', '1380-000000540337'),
('000000018', 'expired', '2011-01-01', '2021-01-01', '1396-000000540338'),
('000000019', 'active', '2022-12-12', '2032-12-12', '1372-000000540339'),
('000000020', 'active', '2024-04-14', '2034-04-14', '1388-000000540340'),
('000000021', 'suspended', '2019-07-07', '2029-07-07', '1328-000000540341'),
('000000022', 'active', '2025-01-15', '2035-01-15', '1380-000000540342'),
('000000023', 'active', '2023-03-18', '2033-03-18', '1396-000000540343'),
('000000024', 'expired', '2008-11-21', '2018-11-21', '1372-000000540344'),
('000000025', 'active', '2022-06-25', '2032-06-25', '1388-000000540345'),

('000000026', 'active', '2021-09-01', '2031-09-01', '1328-000000540346'),
('000000027', 'revoked', '2013-08-16', '2023-08-16', '1380-000000540347'),
('000000028', 'active', '2020-05-05', '2030-05-05', '1396-000000540348'),
('000000029', 'expired', '2007-10-10', '2017-10-10', '1372-000000540349'),
('000000030', 'active', '2024-09-09', '2034-09-09', '1388-000000540350'),
('000000031', 'active', '2023-01-01', '2033-01-01', '1328-000000540351'),
('000000032', 'active', '2022-02-02', '2032-02-02', '1380-000000540352'),
('000000033', 'expired', '2010-03-03', '2020-03-03', '1396-000000540353'),
('000000034', 'active', '2024-04-04', '2034-04-04', '1372-000000540354'),
('000000035', 'revoked', '2011-05-05', '2021-05-05', '1388-000000540355'),

('000000036', 'active', '2021-06-06', '2031-06-06', '1328-000000540356'),
('000000037', 'active', '2020-07-07', '2030-07-07', '1380-000000540357'),
('000000038', 'expired', '2009-08-08', '2019-08-08', '1396-000000540358'),
('000000039', 'active', '2023-09-09', '2033-09-09', '1372-000000540359'),
('000000040', 'active', '2025-10-10', '2035-10-10', '1388-000000540360'),
('000000041', 'active', '2022-11-11', '2032-11-11', '1328-000000540361'),
('000000042', 'suspended', '2018-12-12', '2028-12-12', '1380-000000540362'),
('000000043', 'active', '2024-01-13', '2034-01-13', '1396-000000540363'),
('000000044', 'expired', '2012-02-14', '2022-02-14', '1372-000000540364'),
('000000045', 'active', '2023-03-15', '2033-03-15', '1388-000000540365'),

('000000046', 'expired', '2012-01-10', '2022-01-10', '1328-000000540321'),
('000000047', 'active', '2022-01-11', '2032-01-11', '1328-000000540321'),
('000000048', 'expired', '2011-05-22', '2021-05-22', '1380-000000540327'),
('000000049', 'active', '2021-05-23', '2031-05-23', '1380-000000540327'),
('000000050', 'expired', '2014-09-18', '2024-09-18', '1372-000000540329');
--
--
--
INSERT INTO trafficViolation (
    violation_ticket_id,
    violation_type,
    violation_status,
    barangay,
    city,
    province,
    region,
    date,
    fine_amount,
    apprehending_officer,
    license_number,
    MV_number
)
VALUES
('000000200000001', 'overspeeding', 'paid', 'Batong Malake', 'Los Baños', 'Laguna', 'CALABARZON', '2025-01-01', 1200.00, 'Officer Reyes', 'A01-23-456789', '1328-000000540321'),
('000000200000002', 'illegal parking', 'unpaid', 'Baesa', 'Quezon City', NULL, 'NCR', '2025-01-02', 800.00, 'Officer Cruz', 'B12-19-001375', NULL),
('000000200000003', 'reckless driving', 'paid', 'Naguey', 'Atok', 'Benguet', 'CAR', '2025-01-03', 5000.00, 'Officer Dizon', 'D03-22-501522', '1380-000000540322'),
('000000200000004', 'counterflowing', 'contested', 'Greenhills', 'San Juan', NULL, 'NCR', '2025-01-04', 2500.00, 'Officer Ramos', 'T34-54-934163', '1372-000000540324'),
('000000200000005', 'expired registration', 'unpaid', 'Poblacion', 'Makati', NULL, 'NCR', '2025-01-05', 5200.00, 'Officer Garcia', 'C11-21-123456', '1396-000000540323'),
('000000200000006', 'driving without helmet', 'paid', 'Buhangin', 'Davao City', 'Davao del Sur', 'Davao Region', '2025-01-06', 500.00, 'Officer Tan', 'E44-18-654321', '1380-000000540327'),
('000000200000007', 'overspeeding', 'paid', 'Labangon', 'Cebu City', 'Cebu', 'Central Visayas', '2025-01-07', 950.00, 'Officer Uy', 'F22-20-111222', '1396-000000540328'),
('000000200000008', 'smoke belching', 'paid', 'Balibago', 'Angeles', 'Pampanga', 'Central Luzon', '2025-01-08', 1800.00, 'Officer Perez', 'R10-18-666333', '1372-000000540329'),
('000000200000009', 'illegal parking', 'paid', 'Concepcion', 'Tarlac City', 'Tarlac', 'Central Luzon', '2025-01-09', 700.00, 'Officer Mendoza', 'H78-15-555666', '1388-000000540330'),
('000000200000010', 'expired license', 'contested', 'Talon Uno', 'Las Piñas', NULL, 'NCR', '2025-01-10', 3000.00, 'Officer Aquino', 'J09-24-777888', '1328-000000540331'),

('000000200000011', 'overspeeding', 'paid', 'Batingan', 'Binangonan', 'Rizal', 'CALABARZON', '2025-01-11', 1000.00, 'Officer Villanueva', 'K10-13-888999', '1380-000000540332'),
('000000200000012', 'illegal parking', 'unpaid', 'San Isidro', 'Antipolo', 'Rizal', 'CALABARZON', '2025-01-12', 750.00, 'Officer Bautista', 'L99-22-000111', '1396-000000540333'),
('000000200000013', 'reckless driving', 'paid', 'Banilad', 'Mandaue', 'Cebu', 'Central Visayas', '2025-01-13', 4000.00, 'Officer Uy', 'M88-16-222333', '1372-000000540334'),
('000000200000014', 'unregistered vehicle', 'unpaid', 'Tisa', 'Cebu City', 'Cebu', 'Central Visayas', '2025-01-14', 6500.00, 'Officer Lim', 'R10-18-666333', '1380-000000540367'),
('000000200000015', 'counterflowing', 'paid', 'San Roque', 'Iloilo City', 'Iloilo', 'Western Visayas', '2025-01-15', 2300.00, 'Officer Flores', 'P66-19-666777', '1396-000000540328'),
('000000200000016', 'overspeeding', 'paid', 'Malinta', 'Valenzuela', NULL, 'NCR', '2025-01-16', 1100.00, 'Officer Tan', 'Q55-23-888111', '1380-000000540337'),
('000000200000017', 'illegal parking', 'contested', 'Sampaloc', 'Manila', NULL, 'NCR', '2025-01-17', 1200.00, 'Officer Reyes', 'R44-14-121212', '1396-000000540338'),
('000000200000018', 'expired registration', 'unpaid', 'Buhisan', 'Cebu City', 'Cebu', 'Central Visayas', '2025-01-18', 5000.00, 'Officer Cruz', 'S33-20-343434', '1372-000000540339'),
('000000200000019', 'drunk driving', 'paid', 'Alangilan', 'Batangas City', 'Batangas', 'CALABARZON', '2025-01-19', 25000.00, 'Officer Ong', 'U22-18-565656', '1388-000000540340'),
('000000200000020', 'overspeeding', 'paid', 'Mabolo', 'Cebu City', 'Cebu', 'Central Visayas', '2025-01-20', 1300.00, 'Officer Co', 'V11-12-787878', '1372-000000540329'),

('000000200000021', 'counterflowing', 'unpaid', 'Commonwealth', 'Quezon City', NULL, 'NCR', '2025-01-21', 2400.00, 'Officer Salazar', 'W00-24-909090', '1380-000000540342'),
('000000200000022', 'illegal parking', 'paid', 'Bagbag', 'Novaliches', NULL, 'NCR', '2025-01-22', 650.00, 'Officer Navarro', 'X12-17-135791', '1396-000000540343'),
('000000200000023', 'overspeeding', 'paid', 'Tinago', 'Naga', 'Camarines Sur', 'Bicol Region', '2025-01-23', 900.00, 'Officer Castro', 'Y23-15-246802', '1372-000000540344'),
('000000200000024', 'smoke belching', 'unpaid', 'Lagao', 'General Santos', 'South Cotabato', 'SOCCSKSARGEN', '2025-01-24', 2000.00, 'Officer Lee', 'W00-24-909090', '1388-000000540345'),
('000000200000025', 'illegal parking', 'paid', 'Palanan', 'Makati', NULL, 'NCR', '2025-01-25', 700.00, 'Officer Gomez', 'A45-19-864209', '1328-000000540346'),
('000000200000026', 'reckless driving', 'contested', 'Sucat', 'Parañaque', NULL, 'NCR', '2025-01-26', 4500.00, 'Officer Sy', 'B56-18-753198', '1380-000000540347'),
('000000200000027', 'overspeeding', 'paid', 'Burgos', 'Dagupan', 'Pangasinan', 'Ilocos Region', '2025-01-27', 980.00, 'Officer Velasco', 'C67-13-159357', '1396-000000540348'),
('000000200000028', 'illegal parking', 'paid', 'Paco', 'Manila', NULL, 'NCR', '2025-01-28', 600.00, 'Officer Evangelista', 'D78-21-258456', '1372-000000540349'),
('000000200000029', 'driving without helmet', 'unpaid', 'Sta. Lucia', 'Pasig', NULL, 'NCR', '2025-01-29', 500.00, 'Officer Torres', 'R10-18-666333', '1388-000000540350'),
('000000200000030', 'overspeeding', 'paid', 'Muzon', 'San Jose del Monte', 'Bulacan', 'Central Luzon', '2025-01-30', 1200.00, 'Officer David', 'F90-14-321654', '1328-000000540351'),

('000000200000031', 'counterflowing', 'paid', 'Poblacion', 'Bacolod', 'Negros Occidental', 'Western Visayas', '2025-02-01', 2200.00, 'Officer Hernandez', 'G21-20-654987', '1380-000000540352'),
('000000200000032', 'expired registration', 'unpaid', 'Magsaysay', 'Cagayan de Oro', 'Misamis Oriental', 'Northern Mindanao', '2025-02-02', 5100.00, 'Officer Martinez', 'H32-18-741852', '1396-000000540328'),
('000000200000033', 'illegal parking', 'paid', 'Camaman-an', 'Cagayan de Oro', 'Misamis Oriental', 'Northern Mindanao', '2025-02-03', 750.00, 'Officer Yap', 'J43-17-852963', '1372-000000540354'),
('000000200000034', 'drunk driving', 'contested', 'Calumpang', 'Marikina', NULL, 'NCR', '2025-02-04', 24000.00, 'Officer Chua', 'K54-12-963741', '1388-000000540355'),
('000000200000035', 'overspeeding', 'paid', 'San Miguel', 'Iloilo City', 'Iloilo', 'Western Visayas', '2025-02-05', 1150.00, 'Officer Lim', 'L65-23-111999', '1380-000000540367'),
('000000200000036', 'illegal parking', 'paid', 'Dolores', 'San Fernando', 'Pampanga', 'Central Luzon', '2025-02-06', 650.00, 'Officer Dizon', 'Q09-22-555444', '1380-000000540357'),
('000000200000037', 'counterflowing', 'unpaid', 'Pandan', 'Angeles', 'Pampanga', 'Central Luzon', '2025-02-07', 2500.00, 'Officer Gutierrez', 'N87-15-333777', '1396-000000540358'),
('000000200000038', 'reckless driving', 'paid', 'Dao', 'Tagbilaran', 'Bohol', 'Central Visayas', '2025-02-08', 4600.00, 'Officer Bautista', 'P98-13-444666', '1372-000000540359'),
('000000200000039', 'overspeeding', 'paid', 'Mambaling', 'Cebu City', 'Cebu', 'Central Visayas', '2025-02-09', 1250.00, 'Officer Soriano', 'Q09-22-555444', '1388-000000540360'),
('000000200000040', 'illegal parking', 'unpaid', 'Libertad', 'Butuan', 'Agusan del Norte', 'Caraga', '2025-02-10', 850.00, 'Officer Fernandez', 'R10-18-666333', '1328-000000540361'),

('000000200000041', 'expired license', 'paid', 'Dadiangas', 'General Santos', 'South Cotabato', 'SOCCSKSARGEN', '2025-02-11', 3200.00, 'Officer Villarta', 'S21-11-777222', '1396-000000540328'),
('000000200000042', 'overspeeding', 'paid', 'Mataas na Lupa', 'Lipa', 'Batangas', 'CALABARZON', '2025-02-12', 970.00, 'Officer Mercado', 'R10-18-666333', '1396-000000540363'),
('000000200000043', 'smoke belching', 'contested', 'San Antonio', 'Biñan', 'Laguna', 'CALABARZON', '2025-02-13', 1800.00, 'Officer Reyes', 'U43-16-999000', '1372-000000540364'),
('000000200000044', 'counterflowing', 'paid', 'Maypajo', 'Caloocan', NULL, 'NCR', '2025-02-14', 2600.00, 'Officer Go', 'V54-14-101010', '1388-000000540365'),
('000000200000045', 'driving without helmet', 'paid', 'Talon Dos', 'Las Piñas', NULL, 'NCR', '2025-02-15', 500.00, 'Officer Yu', 'W65-23-202020', '1328-000000540366'),
('000000200000046', 'overspeeding', 'unpaid', 'Punta Princesa', 'Cebu City', 'Cebu', 'Central Visayas', '2025-02-16', 1000.00, 'Officer Chan', 'X76-19-303030', '1380-000000540367'),
('000000200000047', 'illegal parking', 'paid', 'Banawa', 'Cebu City', 'Cebu', 'Central Visayas', '2025-02-17', 800.00, 'Officer dela Pena', 'P66-19-666777', '1396-000000540368'),
('000000200000048', 'reckless driving', 'contested', 'Singcang', 'Bacolod', 'Negros Occidental', 'Western Visayas', '2025-02-18', 4800.00, 'Officer Molina', 'Z98-12-505050', '1372-000000540369'),
('000000200000049', 'expired registration', 'unpaid', 'Pio del Pilar', 'Makati', NULL, 'NCR', '2025-02-19', 5300.00, 'Officer Santos', 'A19-21-606060', '1388-000000540370'),
('000000200000050', 'hit and run', 'contested', 'Poblacion', 'Makati', NULL, 'NCR', '2025-02-20', 150000.00, 'Chief Inspector Ramos', NULL, NULL);
